{"cameraMode":{"drawMode":0,"name":"Shaded","section":"Shading Mode"},"sceneLighting":false,"audioPlay":false,"sceneViewState":{"m_AlwaysRefresh":false,"showFog":true,"showSkybox":true,"showFlares":true,"showImageEffects":true,"showParticleSystems":true,"showVisualEffectGraphs":true,"m_FxEnabled":true},"in2DMode":false,"pivot":{"x":10.529502868652344,"y":2.581631660461426,"z":-13.34032154083252},"rotation":{"x":0.07940815389156342,"y":-0.01495248544961214,"z":0.0011920453980565072,"w":0.9967344999313355},"size":7.141026973724365,"orthographic":false}